Segment,Month 1,Month 2,Month 3,Average Forecast
Furniture,10526.77,9921.59,16576.87,12341.743333333332
Technology,20100.38,18198.55,32443.12,23580.683333333334
Office Supplies,17978.32,15467.39,23346.41,18930.706666666665
West,15478.07,13405.11,28366.11,19083.096666666668
East,11878.47,13477.98,19848.3,15068.25
